county,candidate,party,write-in,votes
Allegany,Obama/ Biden,Democratic,,9805
Allegany,Romney/ Ryan,Republican,,19230
Allegany,Johnson/ Gray,Libertarian,,448
Allegany,Stein/ Honkala,Green,,256
Allegany,Briscoe/ Ogle,Democratic, (Write In),0
Allegany,Dennis  Knill,Democratic, (Write In),0
Anne Arundel,Obama/ Biden,Democratic,,126635
Anne Arundel,Romney/ Ryan,Republican,,126832
Anne Arundel,Johnson/ Gray,Libertarian,,3765
Anne Arundel,Stein/ Honkala,Green,,1727
Anne Arundel,Briscoe/ Ogle,Democratic, (Write In),1
Anne Arundel,Dennis  Knill,Democratic, (Write In),0
Baltimore City,Obama/ Biden,Democratic,,221478
Baltimore City,Romney/ Ryan,Republican,,28171
Baltimore City,Johnson/ Gray,Libertarian,,1924
Baltimore City,Stein/ Honkala,Green,,1737
Baltimore City,Briscoe/ Ogle,Democratic, (Write In),3
Baltimore City,Dennis  Knill,Democratic, (Write In),0
Baltimore,Obama/ Biden,Democratic,,220322
Baltimore,Romney/ Ryan,Republican,,154908
Baltimore,Johnson/ Gray,Libertarian,,5051
Baltimore,Stein/ Honkala,Green,,2750
Baltimore,Briscoe/ Ogle,Democratic, (Write In),2
Baltimore,Dennis  Knill,Democratic, (Write In),0
Calvert,Obama/ Biden,Democratic,,20529
Calvert,Romney/ Ryan,Republican,,23952
Calvert,Johnson/ Gray,Libertarian,,581
Calvert,Stein/ Honkala,Green,,279
Calvert,Briscoe/ Ogle,Democratic, (Write In),0
Calvert,Dennis  Knill,Democratic, (Write In),0
Caroline,Obama/ Biden,Democratic,,4970
Caroline,Romney/ Ryan,Republican,,8098
Caroline,Johnson/ Gray,Libertarian,,182
Caroline,Stein/ Honkala,Green,,64
Caroline,Briscoe/ Ogle,Democratic, (Write In),0
Caroline,Dennis  Knill,Democratic, (Write In),0
Carroll,Obama/ Biden,Democratic,,27939
Carroll,Romney/ Ryan,Republican,,56761
Carroll,Johnson/ Gray,Libertarian,,1614
Carroll,Stein/ Honkala,Green,,674
Carroll,Briscoe/ Ogle,Democratic, (Write In),1
Carroll,Dennis  Knill,Democratic, (Write In),2
Cecil,Obama/ Biden,Democratic,,16557
Cecil,Romney/ Ryan,Republican,,24806
Cecil,Johnson/ Gray,Libertarian,,643
Cecil,Stein/ Honkala,Green,,290
Cecil,Briscoe/ Ogle,Democratic, (Write In),1
Cecil,Dennis  Knill,Democratic, (Write In),0
Charles,Obama/ Biden,Democratic,,48774
Charles,Romney/ Ryan,Republican,,25178
Charles,Johnson/ Gray,Libertarian,,657
Charles,Stein/ Honkala,Green,,332
Charles,Briscoe/ Ogle,Democratic, (Write In),0
Charles,Dennis  Knill,Democratic, (Write In),0
Dorchester,Obama/ Biden,Democratic,,7257
Dorchester,Romney/ Ryan,Republican,,7976
Dorchester,Johnson/ Gray,Libertarian,,116
Dorchester,Stein/ Honkala,Green,,68
Dorchester,Briscoe/ Ogle,Democratic, (Write In),0
Dorchester,Dennis  Knill,Democratic, (Write In),0
Frederick,Obama/ Biden,Democratic,,55146
Frederick,Romney/ Ryan,Republican,,58798
Frederick,Johnson/ Gray,Libertarian,,1819
Frederick,Stein/ Honkala,Green,,831
Frederick,Briscoe/ Ogle,Democratic, (Write In),1
Frederick,Dennis  Knill,Democratic, (Write In),0
Garrett,Obama/ Biden,Democratic,,3124
Garrett,Romney/ Ryan,Republican,,9743
Garrett,Johnson/ Gray,Libertarian,,146
Garrett,Stein/ Honkala,Green,,94
Garrett,Briscoe/ Ogle,Democratic, (Write In),0
Garrett,Dennis  Knill,Democratic, (Write In),0
Harford,Obama/ Biden,Democratic,,49729
Harford,Romney/ Ryan,Republican,,72911
Harford,Johnson/ Gray,Libertarian,,1856
Harford,Stein/ Honkala,Green,,850
Harford,Briscoe/ Ogle,Democratic, (Write In),0
Harford,Dennis  Knill,Democratic, (Write In),0
Howard,Obama/ Biden,Democratic,,91393
Howard,Romney/ Ryan,Republican,,57758
Howard,Johnson/ Gray,Libertarian,,2242
Howard,Stein/ Honkala,Green,,1092
Howard,Briscoe/ Ogle,Democratic, (Write In),0
Howard,Dennis  Knill,Democratic, (Write In),0
Kent,Obama/ Biden,Democratic,,4842
Kent,Romney/ Ryan,Republican,,4870
Kent,Johnson/ Gray,Libertarian,,105
Kent,Stein/ Honkala,Green,,60
Kent,Briscoe/ Ogle,Democratic, (Write In),0
Kent,Dennis  Knill,Democratic, (Write In),0
Montgomery,Obama/ Biden,Democratic,,323400
Montgomery,Romney/ Ryan,Republican,,123353
Montgomery,Johnson/ Gray,Libertarian,,4382
Montgomery,Stein/ Honkala,Green,,3282
Montgomery,Briscoe/ Ogle,Democratic, (Write In),1
Montgomery,Dennis  Knill,Democratic, (Write In),0
Prince George's,Obama/ Biden,Democratic,,347938
Prince George's,Romney/ Ryan,Republican,,35734
Prince George's,Johnson/ Gray,Libertarian,,1732
Prince George's,Stein/ Honkala,Green,,1332
Prince George's,Briscoe/ Ogle,Democratic, (Write In),4
Prince George's,Dennis  Knill,Democratic, (Write In),0
Queen Anne's,Obama/ Biden,Democratic,,8556
Queen Anne's,Romney/ Ryan,Republican,,15823
Queen Anne's,Johnson/ Gray,Libertarian,,282
Queen Anne's,Stein/ Honkala,Green,,126
Queen Anne's,Briscoe/ Ogle,Democratic, (Write In),1
Queen Anne's,Dennis  Knill,Democratic, (Write In),0
St. Mary's,Obama/ Biden,Democratic,,19711
St. Mary's,Romney/ Ryan,Republican,,26797
St. Mary's,Johnson/ Gray,Libertarian,,769
St. Mary's,Stein/ Honkala,Green,,328
St. Mary's,Briscoe/ Ogle,Democratic, (Write In),1
St. Mary's,Dennis  Knill,Democratic, (Write In),0
Somerset,Obama/ Biden,Democratic,,5240
Somerset,Romney/ Ryan,Republican,,5042
Somerset,Johnson/ Gray,Libertarian,,71
Somerset,Stein/ Honkala,Green,,33
Somerset,Briscoe/ Ogle,Democratic, (Write In),1
Somerset,Dennis  Knill,Democratic, (Write In),0
Talbot,Obama/ Biden,Democratic,,8808
Talbot,Romney/ Ryan,Republican,,11339
Talbot,Johnson/ Gray,Libertarian,,187
Talbot,Stein/ Honkala,Green,,76
Talbot,Briscoe/ Ogle,Democratic, (Write In),1
Talbot,Dennis  Knill,Democratic, (Write In),0
Washington,Obama/ Biden,Democratic,,25042
Washington,Romney/ Ryan,Republican,,36074
Washington,Johnson/ Gray,Libertarian,,870
Washington,Stein/ Honkala,Green,,480
Washington,Briscoe/ Ogle,Democratic, (Write In),0
Washington,Dennis  Knill,Democratic, (Write In),0
Wicomico,Obama/ Biden,Democratic,,19635
Wicomico,Romney/ Ryan,Republican,,21764
Wicomico,Johnson/ Gray,Libertarian,,487
Wicomico,Stein/ Honkala,Green,,221
Wicomico,Briscoe/ Ogle,Democratic, (Write In),0
Wicomico,Dennis  Knill,Democratic, (Write In),0
Worcester,Obama/ Biden,Democratic,,11014
Worcester,Romney/ Ryan,Republican,,15951
Worcester,Johnson/ Gray,Libertarian,,266
Worcester,Stein/ Honkala,Green,,128
Worcester,Briscoe/ Ogle,Democratic, (Write In),0
Worcester,Dennis  Knill,Democratic, (Write In),0
Allegany,Matthew  Lydick,Republican, (Write In),0
Allegany,Barbara A. Prokopich,Republican, (Write In),0
Allegany,Santa  Claus,Independent, (Write In),10
Allegany,Richard  Duncan,Independent, (Write In),0
Allegany,Bruce  Mlynski,Independent, (Write In),0
Allegany,Kevin M. Thorne,Independent, (Write In),0
Anne Arundel,Matthew  Lydick,Republican, (Write In),2
Anne Arundel,Barbara A. Prokopich,Republican, (Write In),2
Anne Arundel,Santa  Claus,Independent, (Write In),96
Anne Arundel,Richard  Duncan,Independent, (Write In),2
Anne Arundel,Bruce  Mlynski,Independent, (Write In),0
Anne Arundel,Kevin M. Thorne,Independent, (Write In),0
Baltimore City,Matthew  Lydick,Republican, (Write In),2
Baltimore City,Barbara A. Prokopich,Republican, (Write In),0
Baltimore City,Santa  Claus,Independent, (Write In),38
Baltimore City,Richard  Duncan,Independent, (Write In),2
Baltimore City,Bruce  Mlynski,Independent, (Write In),0
Baltimore City,Kevin M. Thorne,Independent, (Write In),0
Baltimore,Matthew  Lydick,Republican, (Write In),3
Baltimore,Barbara A. Prokopich,Republican, (Write In),0
Baltimore,Santa  Claus,Independent, (Write In),151
Baltimore,Richard  Duncan,Independent, (Write In),5
Baltimore,Bruce  Mlynski,Independent, (Write In),0
Baltimore,Kevin M. Thorne,Independent, (Write In),0
Calvert,Matthew  Lydick,Republican, (Write In),0
Calvert,Barbara A. Prokopich,Republican, (Write In),0
Calvert,Santa  Claus,Independent, (Write In),20
Calvert,Richard  Duncan,Independent, (Write In),1
Calvert,Bruce  Mlynski,Independent, (Write In),0
Calvert,Kevin M. Thorne,Independent, (Write In),0
Caroline,Matthew  Lydick,Republican, (Write In),0
Caroline,Barbara A. Prokopich,Republican, (Write In),0
Caroline,Santa  Claus,Independent, (Write In),3
Caroline,Richard  Duncan,Independent, (Write In),0
Caroline,Bruce  Mlynski,Independent, (Write In),0
Caroline,Kevin M. Thorne,Independent, (Write In),0
Carroll,Matthew  Lydick,Republican, (Write In),0
Carroll,Barbara A. Prokopich,Republican, (Write In),0
Carroll,Santa  Claus,Independent, (Write In),30
Carroll,Richard  Duncan,Independent, (Write In),0
Carroll,Bruce  Mlynski,Independent, (Write In),0
Carroll,Kevin M. Thorne,Independent, (Write In),0
Cecil,Matthew  Lydick,Republican, (Write In),0
Cecil,Barbara A. Prokopich,Republican, (Write In),0
Cecil,Santa  Claus,Independent, (Write In),12
Cecil,Richard  Duncan,Independent, (Write In),0
Cecil,Bruce  Mlynski,Independent, (Write In),0
Cecil,Kevin M. Thorne,Independent, (Write In),0
Charles,Matthew  Lydick,Republican, (Write In),0
Charles,Barbara A. Prokopich,Republican, (Write In),0
Charles,Santa  Claus,Independent, (Write In),10
Charles,Richard  Duncan,Independent, (Write In),0
Charles,Bruce  Mlynski,Independent, (Write In),0
Charles,Kevin M. Thorne,Independent, (Write In),0
Dorchester,Matthew  Lydick,Republican, (Write In),0
Dorchester,Barbara A. Prokopich,Republican, (Write In),0
Dorchester,Santa  Claus,Independent, (Write In),1
Dorchester,Richard  Duncan,Independent, (Write In),0
Dorchester,Bruce  Mlynski,Independent, (Write In),0
Dorchester,Kevin M. Thorne,Independent, (Write In),0
Frederick,Matthew  Lydick,Republican, (Write In),1
Frederick,Barbara A. Prokopich,Republican, (Write In),0
Frederick,Santa  Claus,Independent, (Write In),40
Frederick,Richard  Duncan,Independent, (Write In),0
Frederick,Bruce  Mlynski,Independent, (Write In),0
Frederick,Kevin M. Thorne,Independent, (Write In),0
Garrett,Matthew  Lydick,Republican, (Write In),0
Garrett,Barbara A. Prokopich,Republican, (Write In),0
Garrett,Santa  Claus,Independent, (Write In),5
Garrett,Richard  Duncan,Independent, (Write In),0
Garrett,Bruce  Mlynski,Independent, (Write In),0
Garrett,Kevin M. Thorne,Independent, (Write In),0
Harford,Matthew  Lydick,Republican, (Write In),0
Harford,Barbara A. Prokopich,Republican, (Write In),0
Harford,Santa  Claus,Independent, (Write In),65
Harford,Richard  Duncan,Independent, (Write In),2
Harford,Bruce  Mlynski,Independent, (Write In),0
Harford,Kevin M. Thorne,Independent, (Write In),0
Howard,Matthew  Lydick,Republican, (Write In),7
Howard,Barbara A. Prokopich,Republican, (Write In),0
Howard,Santa  Claus,Independent, (Write In),38
Howard,Richard  Duncan,Independent, (Write In),1
Howard,Bruce  Mlynski,Independent, (Write In),0
Howard,Kevin M. Thorne,Independent, (Write In),0
Kent,Matthew  Lydick,Republican, (Write In),0
Kent,Barbara A. Prokopich,Republican, (Write In),0
Kent,Santa  Claus,Independent, (Write In),1
Kent,Richard  Duncan,Independent, (Write In),0
Kent,Bruce  Mlynski,Independent, (Write In),0
Kent,Kevin M. Thorne,Independent, (Write In),0
Montgomery,Matthew  Lydick,Republican, (Write In),2
Montgomery,Barbara A. Prokopich,Republican, (Write In),0
Montgomery,Santa  Claus,Independent, (Write In),43
Montgomery,Richard  Duncan,Independent, (Write In),1
Montgomery,Bruce  Mlynski,Independent, (Write In),0
Montgomery,Kevin M. Thorne,Independent, (Write In),0
Prince George's,Matthew  Lydick,Republican, (Write In),0
Prince George's,Barbara A. Prokopich,Republican, (Write In),0
Prince George's,Santa  Claus,Independent, (Write In),19
Prince George's,Richard  Duncan,Independent, (Write In),1
Prince George's,Bruce  Mlynski,Independent, (Write In),0
Prince George's,Kevin M. Thorne,Independent, (Write In),0
Queen Anne's,Matthew  Lydick,Republican, (Write In),1
Queen Anne's,Barbara A. Prokopich,Republican, (Write In),0
Queen Anne's,Santa  Claus,Independent, (Write In),8
Queen Anne's,Richard  Duncan,Independent, (Write In),0
Queen Anne's,Bruce  Mlynski,Independent, (Write In),0
Queen Anne's,Kevin M. Thorne,Independent, (Write In),0
St. Mary's,Matthew  Lydick,Republican, (Write In),0
St. Mary's,Barbara A. Prokopich,Republican, (Write In),0
St. Mary's,Santa  Claus,Independent, (Write In),9
St. Mary's,Richard  Duncan,Independent, (Write In),0
St. Mary's,Bruce  Mlynski,Independent, (Write In),0
St. Mary's,Kevin M. Thorne,Independent, (Write In),0
Somerset,Matthew  Lydick,Republican, (Write In),0
Somerset,Barbara A. Prokopich,Republican, (Write In),0
Somerset,Santa  Claus,Independent, (Write In),2
Somerset,Richard  Duncan,Independent, (Write In),0
Somerset,Bruce  Mlynski,Independent, (Write In),0
Somerset,Kevin M. Thorne,Independent, (Write In),0
Talbot,Matthew  Lydick,Republican, (Write In),0
Talbot,Barbara A. Prokopich,Republican, (Write In),0
Talbot,Santa  Claus,Independent, (Write In),3
Talbot,Richard  Duncan,Independent, (Write In),0
Talbot,Bruce  Mlynski,Independent, (Write In),0
Talbot,Kevin M. Thorne,Independent, (Write In),0
Washington,Matthew  Lydick,Republican, (Write In),0
Washington,Barbara A. Prokopich,Republican, (Write In),0
Washington,Santa  Claus,Independent, (Write In),17
Washington,Richard  Duncan,Independent, (Write In),0
Washington,Bruce  Mlynski,Independent, (Write In),0
Washington,Kevin M. Thorne,Independent, (Write In),0
Wicomico,Matthew  Lydick,Republican, (Write In),0
Wicomico,Barbara A. Prokopich,Republican, (Write In),0
Wicomico,Santa  Claus,Independent, (Write In),4
Wicomico,Richard  Duncan,Independent, (Write In),0
Wicomico,Bruce  Mlynski,Independent, (Write In),0
Wicomico,Kevin M. Thorne,Independent, (Write In),0
Worcester,Matthew  Lydick,Republican, (Write In),0
Worcester,Barbara A. Prokopich,Republican, (Write In),0
Worcester,Santa  Claus,Independent, (Write In),0
Worcester,Richard  Duncan,Independent, (Write In),0
Worcester,Bruce  Mlynski,Independent, (Write In),0
Worcester,Kevin M. Thorne,Independent, (Write In),0
Allegany,James  Clymer,Constitution, (Write In),0
Allegany,Virgil  Goode,Constitution, (Write In),5
Allegany,Anderson/ Rodriguez,Other, (Write In),2
Allegany,Andre  Barnett,Other, (Write In),0
Allegany,Roseanne  Barr,Other, (Write In),4
Allegany,Christensen/ Gibbs,Other, (Write In),0
Anne Arundel,James  Clymer,Constitution, (Write In),3
Anne Arundel,Virgil  Goode,Constitution, (Write In),58
Anne Arundel,Anderson/ Rodriguez,Other, (Write In),22
Anne Arundel,Andre  Barnett,Other, (Write In),0
Anne Arundel,Roseanne  Barr,Other, (Write In),11
Anne Arundel,Christensen/ Gibbs,Other, (Write In),0
Baltimore City,James  Clymer,Constitution, (Write In),3
Baltimore City,Virgil  Goode,Constitution, (Write In),21
Baltimore City,Anderson/ Rodriguez,Other, (Write In),27
Baltimore City,Andre  Barnett,Other, (Write In),5
Baltimore City,Roseanne  Barr,Other, (Write In),8
Baltimore City,Christensen/ Gibbs,Other, (Write In),0
Baltimore,James  Clymer,Constitution, (Write In),10
Baltimore,Virgil  Goode,Constitution, (Write In),59
Baltimore,Anderson/ Rodriguez,Other, (Write In),25
Baltimore,Andre  Barnett,Other, (Write In),1
Baltimore,Roseanne  Barr,Other, (Write In),9
Baltimore,Christensen/ Gibbs,Other, (Write In),0
Calvert,James  Clymer,Constitution, (Write In),1
Calvert,Virgil  Goode,Constitution, (Write In),6
Calvert,Anderson/ Rodriguez,Other, (Write In),8
Calvert,Andre  Barnett,Other, (Write In),0
Calvert,Roseanne  Barr,Other, (Write In),5
Calvert,Christensen/ Gibbs,Other, (Write In),0
Caroline,James  Clymer,Constitution, (Write In),1
Caroline,Virgil  Goode,Constitution, (Write In),1
Caroline,Anderson/ Rodriguez,Other, (Write In),0
Caroline,Andre  Barnett,Other, (Write In),0
Caroline,Roseanne  Barr,Other, (Write In),0
Caroline,Christensen/ Gibbs,Other, (Write In),0
Carroll,James  Clymer,Constitution, (Write In),0
Carroll,Virgil  Goode,Constitution, (Write In),17
Carroll,Anderson/ Rodriguez,Other, (Write In),1
Carroll,Andre  Barnett,Other, (Write In),1
Carroll,Roseanne  Barr,Other, (Write In),1
Carroll,Christensen/ Gibbs,Other, (Write In),0
Cecil,James  Clymer,Constitution, (Write In),0
Cecil,Virgil  Goode,Constitution, (Write In),13
Cecil,Anderson/ Rodriguez,Other, (Write In),5
Cecil,Andre  Barnett,Other, (Write In),0
Cecil,Roseanne  Barr,Other, (Write In),2
Cecil,Christensen/ Gibbs,Other, (Write In),0
Charles,James  Clymer,Constitution, (Write In),0
Charles,Virgil  Goode,Constitution, (Write In),15
Charles,Anderson/ Rodriguez,Other, (Write In),0
Charles,Andre  Barnett,Other, (Write In),1
Charles,Roseanne  Barr,Other, (Write In),2
Charles,Christensen/ Gibbs,Other, (Write In),0
Dorchester,James  Clymer,Constitution, (Write In),0
Dorchester,Virgil  Goode,Constitution, (Write In),2
Dorchester,Anderson/ Rodriguez,Other, (Write In),0
Dorchester,Andre  Barnett,Other, (Write In),0
Dorchester,Roseanne  Barr,Other, (Write In),0
Dorchester,Christensen/ Gibbs,Other, (Write In),0
Frederick,James  Clymer,Constitution, (Write In),0
Frederick,Virgil  Goode,Constitution, (Write In),38
Frederick,Anderson/ Rodriguez,Other, (Write In),9
Frederick,Andre  Barnett,Other, (Write In),0
Frederick,Roseanne  Barr,Other, (Write In),2
Frederick,Christensen/ Gibbs,Other, (Write In),0
Garrett,James  Clymer,Constitution, (Write In),0
Garrett,Virgil  Goode,Constitution, (Write In),2
Garrett,Anderson/ Rodriguez,Other, (Write In),0
Garrett,Andre  Barnett,Other, (Write In),0
Garrett,Roseanne  Barr,Other, (Write In),2
Garrett,Christensen/ Gibbs,Other, (Write In),0
Harford,James  Clymer,Constitution, (Write In),8
Harford,Virgil  Goode,Constitution, (Write In),23
Harford,Anderson/ Rodriguez,Other, (Write In),3
Harford,Andre  Barnett,Other, (Write In),0
Harford,Roseanne  Barr,Other, (Write In),0
Harford,Christensen/ Gibbs,Other, (Write In),0
Howard,James  Clymer,Constitution, (Write In),0
Howard,Virgil  Goode,Constitution, (Write In),35
Howard,Anderson/ Rodriguez,Other, (Write In),8
Howard,Andre  Barnett,Other, (Write In),3
Howard,Roseanne  Barr,Other, (Write In),0
Howard,Christensen/ Gibbs,Other, (Write In),0
Kent,James  Clymer,Constitution, (Write In),0
Kent,Virgil  Goode,Constitution, (Write In),1
Kent,Anderson/ Rodriguez,Other, (Write In),3
Kent,Andre  Barnett,Other, (Write In),0
Kent,Roseanne  Barr,Other, (Write In),0
Kent,Christensen/ Gibbs,Other, (Write In),0
Montgomery,James  Clymer,Constitution, (Write In),2
Montgomery,Virgil  Goode,Constitution, (Write In),52
Montgomery,Anderson/ Rodriguez,Other, (Write In),70
Montgomery,Andre  Barnett,Other, (Write In),5
Montgomery,Roseanne  Barr,Other, (Write In),7
Montgomery,Christensen/ Gibbs,Other, (Write In),0
Prince George's,James  Clymer,Constitution, (Write In),3
Prince George's,Virgil  Goode,Constitution, (Write In),20
Prince George's,Anderson/ Rodriguez,Other, (Write In),7
Prince George's,Andre  Barnett,Other, (Write In),2
Prince George's,Roseanne  Barr,Other, (Write In),4
Prince George's,Christensen/ Gibbs,Other, (Write In),0
Queen Anne's,James  Clymer,Constitution, (Write In),0
Queen Anne's,Virgil  Goode,Constitution, (Write In),8
Queen Anne's,Anderson/ Rodriguez,Other, (Write In),1
Queen Anne's,Andre  Barnett,Other, (Write In),1
Queen Anne's,Roseanne  Barr,Other, (Write In),0
Queen Anne's,Christensen/ Gibbs,Other, (Write In),0
St. Mary's,James  Clymer,Constitution, (Write In),2
St. Mary's,Virgil  Goode,Constitution, (Write In),15
St. Mary's,Anderson/ Rodriguez,Other, (Write In),3
St. Mary's,Andre  Barnett,Other, (Write In),0
St. Mary's,Roseanne  Barr,Other, (Write In),0
St. Mary's,Christensen/ Gibbs,Other, (Write In),0
Somerset,James  Clymer,Constitution, (Write In),0
Somerset,Virgil  Goode,Constitution, (Write In),0
Somerset,Anderson/ Rodriguez,Other, (Write In),2
Somerset,Andre  Barnett,Other, (Write In),0
Somerset,Roseanne  Barr,Other, (Write In),0
Somerset,Christensen/ Gibbs,Other, (Write In),0
Talbot,James  Clymer,Constitution, (Write In),0
Talbot,Virgil  Goode,Constitution, (Write In),1
Talbot,Anderson/ Rodriguez,Other, (Write In),2
Talbot,Andre  Barnett,Other, (Write In),0
Talbot,Roseanne  Barr,Other, (Write In),0
Talbot,Christensen/ Gibbs,Other, (Write In),0
Washington,James  Clymer,Constitution, (Write In),2
Washington,Virgil  Goode,Constitution, (Write In),17
Washington,Anderson/ Rodriguez,Other, (Write In),3
Washington,Andre  Barnett,Other, (Write In),0
Washington,Roseanne  Barr,Other, (Write In),4
Washington,Christensen/ Gibbs,Other, (Write In),0
Wicomico,James  Clymer,Constitution, (Write In),0
Wicomico,Virgil  Goode,Constitution, (Write In),7
Wicomico,Anderson/ Rodriguez,Other, (Write In),3
Wicomico,Andre  Barnett,Other, (Write In),0
Wicomico,Roseanne  Barr,Other, (Write In),2
Wicomico,Christensen/ Gibbs,Other, (Write In),0
Worcester,James  Clymer,Constitution, (Write In),0
Worcester,Virgil  Goode,Constitution, (Write In),2
Worcester,Anderson/ Rodriguez,Other, (Write In),0
Worcester,Andre  Barnett,Other, (Write In),0
Worcester,Roseanne  Barr,Other, (Write In),1
Worcester,Christensen/ Gibbs,Other, (Write In),0
Allegany,Durham/ Lopez,Other, (Write In),0
Allegany,Miller/ Bertram,Other, (Write In),2
Allegany,Leon Leo Ray,Other, (Write In),0
Allegany,Michael David Boyles,Unaffiliated, (Write In),0
Allegany,"Theodis (Ted)  Brown, Sr.",Unaffiliated, (Write In),0
Allegany,Chehade/ McAllister,Unaffiliated, (Write In),0
Anne Arundel,Durham/ Lopez,Other, (Write In),0
Anne Arundel,Miller/ Bertram,Other, (Write In),2
Anne Arundel,Leon Leo Ray,Other, (Write In),0
Anne Arundel,Michael David Boyles,Unaffiliated, (Write In),0
Anne Arundel,"Theodis (Ted)  Brown, Sr.",Unaffiliated, (Write In),0
Anne Arundel,Chehade/ McAllister,Unaffiliated, (Write In),2
Baltimore City,Durham/ Lopez,Other, (Write In),5
Baltimore City,Miller/ Bertram,Other, (Write In),3
Baltimore City,Leon Leo Ray,Other, (Write In),0
Baltimore City,Michael David Boyles,Unaffiliated, (Write In),1
Baltimore City,"Theodis (Ted)  Brown, Sr.",Unaffiliated, (Write In),0
Baltimore City,Chehade/ McAllister,Unaffiliated, (Write In),2
Baltimore,Durham/ Lopez,Other, (Write In),4
Baltimore,Miller/ Bertram,Other, (Write In),0
Baltimore,Leon Leo Ray,Other, (Write In),0
Baltimore,Michael David Boyles,Unaffiliated, (Write In),0
Baltimore,"Theodis (Ted)  Brown, Sr.",Unaffiliated, (Write In),0
Baltimore,Chehade/ McAllister,Unaffiliated, (Write In),1
Calvert,Durham/ Lopez,Other, (Write In),0
Calvert,Miller/ Bertram,Other, (Write In),0
Calvert,Leon Leo Ray,Other, (Write In),0
Calvert,Michael David Boyles,Unaffiliated, (Write In),0
Calvert,"Theodis (Ted)  Brown, Sr.",Unaffiliated, (Write In),0
Calvert,Chehade/ McAllister,Unaffiliated, (Write In),0
Caroline,Durham/ Lopez,Other, (Write In),0
Caroline,Miller/ Bertram,Other, (Write In),0
Caroline,Leon Leo Ray,Other, (Write In),0
Caroline,Michael David Boyles,Unaffiliated, (Write In),0
Caroline,"Theodis (Ted)  Brown, Sr.",Unaffiliated, (Write In),0
Caroline,Chehade/ McAllister,Unaffiliated, (Write In),0
Carroll,Durham/ Lopez,Other, (Write In),0
Carroll,Miller/ Bertram,Other, (Write In),0
Carroll,Leon Leo Ray,Other, (Write In),0
Carroll,Michael David Boyles,Unaffiliated, (Write In),0
Carroll,"Theodis (Ted)  Brown, Sr.",Unaffiliated, (Write In),0
Carroll,Chehade/ McAllister,Unaffiliated, (Write In),0
Cecil,Durham/ Lopez,Other, (Write In),0
Cecil,Miller/ Bertram,Other, (Write In),0
Cecil,Leon Leo Ray,Other, (Write In),0
Cecil,Michael David Boyles,Unaffiliated, (Write In),0
Cecil,"Theodis (Ted)  Brown, Sr.",Unaffiliated, (Write In),0
Cecil,Chehade/ McAllister,Unaffiliated, (Write In),0
Charles,Durham/ Lopez,Other, (Write In),0
Charles,Miller/ Bertram,Other, (Write In),2
Charles,Leon Leo Ray,Other, (Write In),0
Charles,Michael David Boyles,Unaffiliated, (Write In),0
Charles,"Theodis (Ted)  Brown, Sr.",Unaffiliated, (Write In),0
Charles,Chehade/ McAllister,Unaffiliated, (Write In),0
Dorchester,Durham/ Lopez,Other, (Write In),0
Dorchester,Miller/ Bertram,Other, (Write In),0
Dorchester,Leon Leo Ray,Other, (Write In),0
Dorchester,Michael David Boyles,Unaffiliated, (Write In),1
Dorchester,"Theodis (Ted)  Brown, Sr.",Unaffiliated, (Write In),0
Dorchester,Chehade/ McAllister,Unaffiliated, (Write In),0
Frederick,Durham/ Lopez,Other, (Write In),0
Frederick,Miller/ Bertram,Other, (Write In),0
Frederick,Leon Leo Ray,Other, (Write In),0
Frederick,Michael David Boyles,Unaffiliated, (Write In),0
Frederick,"Theodis (Ted)  Brown, Sr.",Unaffiliated, (Write In),0
Frederick,Chehade/ McAllister,Unaffiliated, (Write In),2
Garrett,Durham/ Lopez,Other, (Write In),0
Garrett,Miller/ Bertram,Other, (Write In),0
Garrett,Leon Leo Ray,Other, (Write In),0
Garrett,Michael David Boyles,Unaffiliated, (Write In),0
Garrett,"Theodis (Ted)  Brown, Sr.",Unaffiliated, (Write In),0
Garrett,Chehade/ McAllister,Unaffiliated, (Write In),0
Harford,Durham/ Lopez,Other, (Write In),1
Harford,Miller/ Bertram,Other, (Write In),6
Harford,Leon Leo Ray,Other, (Write In),0
Harford,Michael David Boyles,Unaffiliated, (Write In),0
Harford,"Theodis (Ted)  Brown, Sr.",Unaffiliated, (Write In),0
Harford,Chehade/ McAllister,Unaffiliated, (Write In),0
Howard,Durham/ Lopez,Other, (Write In),6
Howard,Miller/ Bertram,Other, (Write In),1
Howard,Leon Leo Ray,Other, (Write In),0
Howard,Michael David Boyles,Unaffiliated, (Write In),0
Howard,"Theodis (Ted)  Brown, Sr.",Unaffiliated, (Write In),0
Howard,Chehade/ McAllister,Unaffiliated, (Write In),1
Kent,Durham/ Lopez,Other, (Write In),0
Kent,Miller/ Bertram,Other, (Write In),0
Kent,Leon Leo Ray,Other, (Write In),0
Kent,Michael David Boyles,Unaffiliated, (Write In),0
Kent,"Theodis (Ted)  Brown, Sr.",Unaffiliated, (Write In),0
Kent,Chehade/ McAllister,Unaffiliated, (Write In),0
Montgomery,Durham/ Lopez,Other, (Write In),3
Montgomery,Miller/ Bertram,Other, (Write In),8
Montgomery,Leon Leo Ray,Other, (Write In),0
Montgomery,Michael David Boyles,Unaffiliated, (Write In),1
Montgomery,"Theodis (Ted)  Brown, Sr.",Unaffiliated, (Write In),0
Montgomery,Chehade/ McAllister,Unaffiliated, (Write In),0
Prince George's,Durham/ Lopez,Other, (Write In),0
Prince George's,Miller/ Bertram,Other, (Write In),1
Prince George's,Leon Leo Ray,Other, (Write In),0
Prince George's,Michael David Boyles,Unaffiliated, (Write In),1
Prince George's,"Theodis (Ted)  Brown, Sr.",Unaffiliated, (Write In),0
Prince George's,Chehade/ McAllister,Unaffiliated, (Write In),4
Queen Anne's,Durham/ Lopez,Other, (Write In),0
Queen Anne's,Miller/ Bertram,Other, (Write In),0
Queen Anne's,Leon Leo Ray,Other, (Write In),0
Queen Anne's,Michael David Boyles,Unaffiliated, (Write In),0
Queen Anne's,"Theodis (Ted)  Brown, Sr.",Unaffiliated, (Write In),0
Queen Anne's,Chehade/ McAllister,Unaffiliated, (Write In),0
St. Mary's,Durham/ Lopez,Other, (Write In),0
St. Mary's,Miller/ Bertram,Other, (Write In),0
St. Mary's,Leon Leo Ray,Other, (Write In),0
St. Mary's,Michael David Boyles,Unaffiliated, (Write In),0
St. Mary's,"Theodis (Ted)  Brown, Sr.",Unaffiliated, (Write In),0
St. Mary's,Chehade/ McAllister,Unaffiliated, (Write In),0
Somerset,Durham/ Lopez,Other, (Write In),0
Somerset,Miller/ Bertram,Other, (Write In),0
Somerset,Leon Leo Ray,Other, (Write In),0
Somerset,Michael David Boyles,Unaffiliated, (Write In),0
Somerset,"Theodis (Ted)  Brown, Sr.",Unaffiliated, (Write In),0
Somerset,Chehade/ McAllister,Unaffiliated, (Write In),0
Talbot,Durham/ Lopez,Other, (Write In),0
Talbot,Miller/ Bertram,Other, (Write In),0
Talbot,Leon Leo Ray,Other, (Write In),0
Talbot,Michael David Boyles,Unaffiliated, (Write In),1
Talbot,"Theodis (Ted)  Brown, Sr.",Unaffiliated, (Write In),0
Talbot,Chehade/ McAllister,Unaffiliated, (Write In),0
Washington,Durham/ Lopez,Other, (Write In),0
Washington,Miller/ Bertram,Other, (Write In),0
Washington,Leon Leo Ray,Other, (Write In),0
Washington,Michael David Boyles,Unaffiliated, (Write In),0
Washington,"Theodis (Ted)  Brown, Sr.",Unaffiliated, (Write In),0
Washington,Chehade/ McAllister,Unaffiliated, (Write In),1
Wicomico,Durham/ Lopez,Other, (Write In),0
Wicomico,Miller/ Bertram,Other, (Write In),0
Wicomico,Leon Leo Ray,Other, (Write In),0
Wicomico,Michael David Boyles,Unaffiliated, (Write In),0
Wicomico,"Theodis (Ted)  Brown, Sr.",Unaffiliated, (Write In),0
Wicomico,Chehade/ McAllister,Unaffiliated, (Write In),0
Worcester,Durham/ Lopez,Other, (Write In),0
Worcester,Miller/ Bertram,Other, (Write In),1
Worcester,Leon Leo Ray,Other, (Write In),0
Worcester,Michael David Boyles,Unaffiliated, (Write In),0
Worcester,"Theodis (Ted)  Brown, Sr.",Unaffiliated, (Write In),0
Worcester,Chehade/ McAllister,Unaffiliated, (Write In),0
Allegany,David M. Crosby,Unaffiliated, (Write In),1
Allegany,"Fred Donald Dickson, Jr.",Unaffiliated, (Write In),0
Allegany,Robert William Dietz,Unaffiliated, (Write In),0
Allegany,Dwight Kenneth French,Unaffiliated, (Write In),0
Allegany,Darrell  Hykes,Unaffiliated, (Write In),0
Allegany,Nelson  Keyton,Unaffiliated, (Write In),0
Anne Arundel,David M. Crosby,Unaffiliated, (Write In),0
Anne Arundel,"Fred Donald Dickson, Jr.",Unaffiliated, (Write In),0
Anne Arundel,Robert William Dietz,Unaffiliated, (Write In),0
Anne Arundel,Dwight Kenneth French,Unaffiliated, (Write In),0
Anne Arundel,Darrell  Hykes,Unaffiliated, (Write In),0
Anne Arundel,Nelson  Keyton,Unaffiliated, (Write In),0
Baltimore City,David M. Crosby,Unaffiliated, (Write In),0
Baltimore City,"Fred Donald Dickson, Jr.",Unaffiliated, (Write In),2
Baltimore City,Robert William Dietz,Unaffiliated, (Write In),0
Baltimore City,Dwight Kenneth French,Unaffiliated, (Write In),0
Baltimore City,Darrell  Hykes,Unaffiliated, (Write In),0
Baltimore City,Nelson  Keyton,Unaffiliated, (Write In),0
Baltimore,David M. Crosby,Unaffiliated, (Write In),2
Baltimore,"Fred Donald Dickson, Jr.",Unaffiliated, (Write In),2
Baltimore,Robert William Dietz,Unaffiliated, (Write In),0
Baltimore,Dwight Kenneth French,Unaffiliated, (Write In),0
Baltimore,Darrell  Hykes,Unaffiliated, (Write In),0
Baltimore,Nelson  Keyton,Unaffiliated, (Write In),0
Calvert,David M. Crosby,Unaffiliated, (Write In),0
Calvert,"Fred Donald Dickson, Jr.",Unaffiliated, (Write In),1
Calvert,Robert William Dietz,Unaffiliated, (Write In),0
Calvert,Dwight Kenneth French,Unaffiliated, (Write In),0
Calvert,Darrell  Hykes,Unaffiliated, (Write In),2
Calvert,Nelson  Keyton,Unaffiliated, (Write In),0
Caroline,David M. Crosby,Unaffiliated, (Write In),0
Caroline,"Fred Donald Dickson, Jr.",Unaffiliated, (Write In),0
Caroline,Robert William Dietz,Unaffiliated, (Write In),0
Caroline,Dwight Kenneth French,Unaffiliated, (Write In),0
Caroline,Darrell  Hykes,Unaffiliated, (Write In),0
Caroline,Nelson  Keyton,Unaffiliated, (Write In),0
Carroll,David M. Crosby,Unaffiliated, (Write In),0
Carroll,"Fred Donald Dickson, Jr.",Unaffiliated, (Write In),0
Carroll,Robert William Dietz,Unaffiliated, (Write In),0
Carroll,Dwight Kenneth French,Unaffiliated, (Write In),0
Carroll,Darrell  Hykes,Unaffiliated, (Write In),0
Carroll,Nelson  Keyton,Unaffiliated, (Write In),0
Cecil,David M. Crosby,Unaffiliated, (Write In),0
Cecil,"Fred Donald Dickson, Jr.",Unaffiliated, (Write In),0
Cecil,Robert William Dietz,Unaffiliated, (Write In),0
Cecil,Dwight Kenneth French,Unaffiliated, (Write In),0
Cecil,Darrell  Hykes,Unaffiliated, (Write In),0
Cecil,Nelson  Keyton,Unaffiliated, (Write In),0
Charles,David M. Crosby,Unaffiliated, (Write In),0
Charles,"Fred Donald Dickson, Jr.",Unaffiliated, (Write In),0
Charles,Robert William Dietz,Unaffiliated, (Write In),0
Charles,Dwight Kenneth French,Unaffiliated, (Write In),0
Charles,Darrell  Hykes,Unaffiliated, (Write In),0
Charles,Nelson  Keyton,Unaffiliated, (Write In),0
Dorchester,David M. Crosby,Unaffiliated, (Write In),0
Dorchester,"Fred Donald Dickson, Jr.",Unaffiliated, (Write In),0
Dorchester,Robert William Dietz,Unaffiliated, (Write In),0
Dorchester,Dwight Kenneth French,Unaffiliated, (Write In),0
Dorchester,Darrell  Hykes,Unaffiliated, (Write In),0
Dorchester,Nelson  Keyton,Unaffiliated, (Write In),0
Frederick,David M. Crosby,Unaffiliated, (Write In),0
Frederick,"Fred Donald Dickson, Jr.",Unaffiliated, (Write In),0
Frederick,Robert William Dietz,Unaffiliated, (Write In),0
Frederick,Dwight Kenneth French,Unaffiliated, (Write In),0
Frederick,Darrell  Hykes,Unaffiliated, (Write In),0
Frederick,Nelson  Keyton,Unaffiliated, (Write In),1
Garrett,David M. Crosby,Unaffiliated, (Write In),0
Garrett,"Fred Donald Dickson, Jr.",Unaffiliated, (Write In),0
Garrett,Robert William Dietz,Unaffiliated, (Write In),0
Garrett,Dwight Kenneth French,Unaffiliated, (Write In),0
Garrett,Darrell  Hykes,Unaffiliated, (Write In),0
Garrett,Nelson  Keyton,Unaffiliated, (Write In),0
Harford,David M. Crosby,Unaffiliated, (Write In),0
Harford,"Fred Donald Dickson, Jr.",Unaffiliated, (Write In),0
Harford,Robert William Dietz,Unaffiliated, (Write In),0
Harford,Dwight Kenneth French,Unaffiliated, (Write In),0
Harford,Darrell  Hykes,Unaffiliated, (Write In),0
Harford,Nelson  Keyton,Unaffiliated, (Write In),2
Howard,David M. Crosby,Unaffiliated, (Write In),0
Howard,"Fred Donald Dickson, Jr.",Unaffiliated, (Write In),1
Howard,Robert William Dietz,Unaffiliated, (Write In),0
Howard,Dwight Kenneth French,Unaffiliated, (Write In),0
Howard,Darrell  Hykes,Unaffiliated, (Write In),0
Howard,Nelson  Keyton,Unaffiliated, (Write In),0
Kent,David M. Crosby,Unaffiliated, (Write In),0
Kent,"Fred Donald Dickson, Jr.",Unaffiliated, (Write In),1
Kent,Robert William Dietz,Unaffiliated, (Write In),0
Kent,Dwight Kenneth French,Unaffiliated, (Write In),0
Kent,Darrell  Hykes,Unaffiliated, (Write In),0
Kent,Nelson  Keyton,Unaffiliated, (Write In),0
Montgomery,David M. Crosby,Unaffiliated, (Write In),1
Montgomery,"Fred Donald Dickson, Jr.",Unaffiliated, (Write In),0
Montgomery,Robert William Dietz,Unaffiliated, (Write In),0
Montgomery,Dwight Kenneth French,Unaffiliated, (Write In),2
Montgomery,Darrell  Hykes,Unaffiliated, (Write In),0
Montgomery,Nelson  Keyton,Unaffiliated, (Write In),0
Prince George's,David M. Crosby,Unaffiliated, (Write In),2
Prince George's,"Fred Donald Dickson, Jr.",Unaffiliated, (Write In),0
Prince George's,Robert William Dietz,Unaffiliated, (Write In),1
Prince George's,Dwight Kenneth French,Unaffiliated, (Write In),0
Prince George's,Darrell  Hykes,Unaffiliated, (Write In),3
Prince George's,Nelson  Keyton,Unaffiliated, (Write In),0
Queen Anne's,David M. Crosby,Unaffiliated, (Write In),0
Queen Anne's,"Fred Donald Dickson, Jr.",Unaffiliated, (Write In),1
Queen Anne's,Robert William Dietz,Unaffiliated, (Write In),0
Queen Anne's,Dwight Kenneth French,Unaffiliated, (Write In),0
Queen Anne's,Darrell  Hykes,Unaffiliated, (Write In),0
Queen Anne's,Nelson  Keyton,Unaffiliated, (Write In),0
St. Mary's,David M. Crosby,Unaffiliated, (Write In),0
St. Mary's,"Fred Donald Dickson, Jr.",Unaffiliated, (Write In),0
St. Mary's,Robert William Dietz,Unaffiliated, (Write In),0
St. Mary's,Dwight Kenneth French,Unaffiliated, (Write In),0
St. Mary's,Darrell  Hykes,Unaffiliated, (Write In),0
St. Mary's,Nelson  Keyton,Unaffiliated, (Write In),0
Somerset,David M. Crosby,Unaffiliated, (Write In),0
Somerset,"Fred Donald Dickson, Jr.",Unaffiliated, (Write In),0
Somerset,Robert William Dietz,Unaffiliated, (Write In),0
Somerset,Dwight Kenneth French,Unaffiliated, (Write In),0
Somerset,Darrell  Hykes,Unaffiliated, (Write In),0
Somerset,Nelson  Keyton,Unaffiliated, (Write In),0
Talbot,David M. Crosby,Unaffiliated, (Write In),0
Talbot,"Fred Donald Dickson, Jr.",Unaffiliated, (Write In),0
Talbot,Robert William Dietz,Unaffiliated, (Write In),0
Talbot,Dwight Kenneth French,Unaffiliated, (Write In),0
Talbot,Darrell  Hykes,Unaffiliated, (Write In),0
Talbot,Nelson  Keyton,Unaffiliated, (Write In),0
Washington,David M. Crosby,Unaffiliated, (Write In),1
Washington,"Fred Donald Dickson, Jr.",Unaffiliated, (Write In),0
Washington,Robert William Dietz,Unaffiliated, (Write In),0
Washington,Dwight Kenneth French,Unaffiliated, (Write In),0
Washington,Darrell  Hykes,Unaffiliated, (Write In),2
Washington,Nelson  Keyton,Unaffiliated, (Write In),0
Wicomico,David M. Crosby,Unaffiliated, (Write In),0
Wicomico,"Fred Donald Dickson, Jr.",Unaffiliated, (Write In),0
Wicomico,Robert William Dietz,Unaffiliated, (Write In),0
Wicomico,Dwight Kenneth French,Unaffiliated, (Write In),0
Wicomico,Darrell  Hykes,Unaffiliated, (Write In),0
Wicomico,Nelson  Keyton,Unaffiliated, (Write In),0
Worcester,David M. Crosby,Unaffiliated, (Write In),0
Worcester,"Fred Donald Dickson, Jr.",Unaffiliated, (Write In),0
Worcester,Robert William Dietz,Unaffiliated, (Write In),0
Worcester,Dwight Kenneth French,Unaffiliated, (Write In),0
Worcester,Darrell  Hykes,Unaffiliated, (Write In),0
Worcester,Nelson  Keyton,Unaffiliated, (Write In),0
Allegany,Dean  Morstad,Unaffiliated, (Write In),0
Allegany,Deonia  Neveu,Unaffiliated, (Write In),0
Allegany,Terrance James O'Hara,Unaffiliated, (Write In),0
Allegany,Reed/ Cary,Unaffiliated, (Write In),0
Allegany,Cecil James Roth,Unaffiliated, (Write In),0
Allegany,Sheila  Tittle,Unaffiliated, (Write In),0
Anne Arundel,Dean  Morstad,Unaffiliated, (Write In),0
Anne Arundel,Deonia  Neveu,Unaffiliated, (Write In),0
Anne Arundel,Terrance James O'Hara,Unaffiliated, (Write In),0
Anne Arundel,Reed/ Cary,Unaffiliated, (Write In),0
Anne Arundel,Cecil James Roth,Unaffiliated, (Write In),0
Anne Arundel,Sheila  Tittle,Unaffiliated, (Write In),0
Baltimore City,Dean  Morstad,Unaffiliated, (Write In),0
Baltimore City,Deonia  Neveu,Unaffiliated, (Write In),0
Baltimore City,Terrance James O'Hara,Unaffiliated, (Write In),0
Baltimore City,Reed/ Cary,Unaffiliated, (Write In),0
Baltimore City,Cecil James Roth,Unaffiliated, (Write In),0
Baltimore City,Sheila  Tittle,Unaffiliated, (Write In),0
Baltimore,Dean  Morstad,Unaffiliated, (Write In),1
Baltimore,Deonia  Neveu,Unaffiliated, (Write In),0
Baltimore,Terrance James O'Hara,Unaffiliated, (Write In),0
Baltimore,Reed/ Cary,Unaffiliated, (Write In),0
Baltimore,Cecil James Roth,Unaffiliated, (Write In),0
Baltimore,Sheila  Tittle,Unaffiliated, (Write In),0
Calvert,Dean  Morstad,Unaffiliated, (Write In),0
Calvert,Deonia  Neveu,Unaffiliated, (Write In),0
Calvert,Terrance James O'Hara,Unaffiliated, (Write In),0
Calvert,Reed/ Cary,Unaffiliated, (Write In),0
Calvert,Cecil James Roth,Unaffiliated, (Write In),0
Calvert,Sheila  Tittle,Unaffiliated, (Write In),0
Caroline,Dean  Morstad,Unaffiliated, (Write In),0
Caroline,Deonia  Neveu,Unaffiliated, (Write In),0
Caroline,Terrance James O'Hara,Unaffiliated, (Write In),0
Caroline,Reed/ Cary,Unaffiliated, (Write In),0
Caroline,Cecil James Roth,Unaffiliated, (Write In),0
Caroline,Sheila  Tittle,Unaffiliated, (Write In),0
Carroll,Dean  Morstad,Unaffiliated, (Write In),0
Carroll,Deonia  Neveu,Unaffiliated, (Write In),0
Carroll,Terrance James O'Hara,Unaffiliated, (Write In),0
Carroll,Reed/ Cary,Unaffiliated, (Write In),0
Carroll,Cecil James Roth,Unaffiliated, (Write In),0
Carroll,Sheila  Tittle,Unaffiliated, (Write In),0
Cecil,Dean  Morstad,Unaffiliated, (Write In),0
Cecil,Deonia  Neveu,Unaffiliated, (Write In),0
Cecil,Terrance James O'Hara,Unaffiliated, (Write In),0
Cecil,Reed/ Cary,Unaffiliated, (Write In),0
Cecil,Cecil James Roth,Unaffiliated, (Write In),0
Cecil,Sheila  Tittle,Unaffiliated, (Write In),0
Charles,Dean  Morstad,Unaffiliated, (Write In),0
Charles,Deonia  Neveu,Unaffiliated, (Write In),0
Charles,Terrance James O'Hara,Unaffiliated, (Write In),0
Charles,Reed/ Cary,Unaffiliated, (Write In),0
Charles,Cecil James Roth,Unaffiliated, (Write In),0
Charles,Sheila  Tittle,Unaffiliated, (Write In),0
Dorchester,Dean  Morstad,Unaffiliated, (Write In),0
Dorchester,Deonia  Neveu,Unaffiliated, (Write In),0
Dorchester,Terrance James O'Hara,Unaffiliated, (Write In),0
Dorchester,Reed/ Cary,Unaffiliated, (Write In),0
Dorchester,Cecil James Roth,Unaffiliated, (Write In),0
Dorchester,Sheila  Tittle,Unaffiliated, (Write In),0
Frederick,Dean  Morstad,Unaffiliated, (Write In),0
Frederick,Deonia  Neveu,Unaffiliated, (Write In),0
Frederick,Terrance James O'Hara,Unaffiliated, (Write In),0
Frederick,Reed/ Cary,Unaffiliated, (Write In),5
Frederick,Cecil James Roth,Unaffiliated, (Write In),0
Frederick,Sheila  Tittle,Unaffiliated, (Write In),0
Garrett,Dean  Morstad,Unaffiliated, (Write In),0
Garrett,Deonia  Neveu,Unaffiliated, (Write In),0
Garrett,Terrance James O'Hara,Unaffiliated, (Write In),0
Garrett,Reed/ Cary,Unaffiliated, (Write In),0
Garrett,Cecil James Roth,Unaffiliated, (Write In),0
Garrett,Sheila  Tittle,Unaffiliated, (Write In),0
Harford,Dean  Morstad,Unaffiliated, (Write In),0
Harford,Deonia  Neveu,Unaffiliated, (Write In),0
Harford,Terrance James O'Hara,Unaffiliated, (Write In),0
Harford,Reed/ Cary,Unaffiliated, (Write In),0
Harford,Cecil James Roth,Unaffiliated, (Write In),1
Harford,Sheila  Tittle,Unaffiliated, (Write In),0
Howard,Dean  Morstad,Unaffiliated, (Write In),0
Howard,Deonia  Neveu,Unaffiliated, (Write In),0
Howard,Terrance James O'Hara,Unaffiliated, (Write In),0
Howard,Reed/ Cary,Unaffiliated, (Write In),0
Howard,Cecil James Roth,Unaffiliated, (Write In),0
Howard,Sheila  Tittle,Unaffiliated, (Write In),0
Kent,Dean  Morstad,Unaffiliated, (Write In),0
Kent,Deonia  Neveu,Unaffiliated, (Write In),0
Kent,Terrance James O'Hara,Unaffiliated, (Write In),0
Kent,Reed/ Cary,Unaffiliated, (Write In),0
Kent,Cecil James Roth,Unaffiliated, (Write In),0
Kent,Sheila  Tittle,Unaffiliated, (Write In),0
Montgomery,Dean  Morstad,Unaffiliated, (Write In),0
Montgomery,Deonia  Neveu,Unaffiliated, (Write In),0
Montgomery,Terrance James O'Hara,Unaffiliated, (Write In),0
Montgomery,Reed/ Cary,Unaffiliated, (Write In),1
Montgomery,Cecil James Roth,Unaffiliated, (Write In),0
Montgomery,Sheila  Tittle,Unaffiliated, (Write In),0
Prince George's,Dean  Morstad,Unaffiliated, (Write In),0
Prince George's,Deonia  Neveu,Unaffiliated, (Write In),0
Prince George's,Terrance James O'Hara,Unaffiliated, (Write In),0
Prince George's,Reed/ Cary,Unaffiliated, (Write In),1
Prince George's,Cecil James Roth,Unaffiliated, (Write In),0
Prince George's,Sheila  Tittle,Unaffiliated, (Write In),0
Queen Anne's,Dean  Morstad,Unaffiliated, (Write In),0
Queen Anne's,Deonia  Neveu,Unaffiliated, (Write In),0
Queen Anne's,Terrance James O'Hara,Unaffiliated, (Write In),0
Queen Anne's,Reed/ Cary,Unaffiliated, (Write In),0
Queen Anne's,Cecil James Roth,Unaffiliated, (Write In),0
Queen Anne's,Sheila  Tittle,Unaffiliated, (Write In),0
St. Mary's,Dean  Morstad,Unaffiliated, (Write In),0
St. Mary's,Deonia  Neveu,Unaffiliated, (Write In),0
St. Mary's,Terrance James O'Hara,Unaffiliated, (Write In),0
St. Mary's,Reed/ Cary,Unaffiliated, (Write In),0
St. Mary's,Cecil James Roth,Unaffiliated, (Write In),0
St. Mary's,Sheila  Tittle,Unaffiliated, (Write In),0
Somerset,Dean  Morstad,Unaffiliated, (Write In),0
Somerset,Deonia  Neveu,Unaffiliated, (Write In),0
Somerset,Terrance James O'Hara,Unaffiliated, (Write In),0
Somerset,Reed/ Cary,Unaffiliated, (Write In),0
Somerset,Cecil James Roth,Unaffiliated, (Write In),0
Somerset,Sheila  Tittle,Unaffiliated, (Write In),0
Talbot,Dean  Morstad,Unaffiliated, (Write In),0
Talbot,Deonia  Neveu,Unaffiliated, (Write In),0
Talbot,Terrance James O'Hara,Unaffiliated, (Write In),0
Talbot,Reed/ Cary,Unaffiliated, (Write In),0
Talbot,Cecil James Roth,Unaffiliated, (Write In),0
Talbot,Sheila  Tittle,Unaffiliated, (Write In),0
Washington,Dean  Morstad,Unaffiliated, (Write In),0
Washington,Deonia  Neveu,Unaffiliated, (Write In),0
Washington,Terrance James O'Hara,Unaffiliated, (Write In),1
Washington,Reed/ Cary,Unaffiliated, (Write In),0
Washington,Cecil James Roth,Unaffiliated, (Write In),0
Washington,Sheila  Tittle,Unaffiliated, (Write In),0
Wicomico,Dean  Morstad,Unaffiliated, (Write In),0
Wicomico,Deonia  Neveu,Unaffiliated, (Write In),0
Wicomico,Terrance James O'Hara,Unaffiliated, (Write In),0
Wicomico,Reed/ Cary,Unaffiliated, (Write In),0
Wicomico,Cecil James Roth,Unaffiliated, (Write In),0
Wicomico,Sheila  Tittle,Unaffiliated, (Write In),0
Worcester,Dean  Morstad,Unaffiliated, (Write In),0
Worcester,Deonia  Neveu,Unaffiliated, (Write In),0
Worcester,Terrance James O'Hara,Unaffiliated, (Write In),0
Worcester,Reed/ Cary,Unaffiliated, (Write In),0
Worcester,Cecil James Roth,Unaffiliated, (Write In),0
Worcester,Sheila  Tittle,Unaffiliated, (Write In),0
Allegany,Other Write-Ins,N/A,,87
Anne Arundel,Other Write-Ins,N/A,,995
Baltimore City,Other Write-Ins,N/A,,573
Baltimore,Other Write-Ins,N/A,,1476
Calvert,Other Write-Ins,N/A,,133
Caroline,Other Write-Ins,N/A,,38
Carroll,Other Write-Ins,N/A,,495
Cecil,Other Write-Ins,N/A,,151
Charles,Other Write-Ins,N/A,,251
Dorchester,Other Write-Ins,N/A,,23
Frederick,Other Write-Ins,N/A,,422
Garrett,Other Write-Ins,N/A,,41
Harford,Other Write-Ins,N/A,,497
Howard,Other Write-Ins,N/A,,522
Kent,Other Write-Ins,N/A,,21
Montgomery,Other Write-Ins,N/A,,1376
Prince George's,Other Write-Ins,N/A,,935
Queen Anne's,Other Write-Ins,N/A,,80
St. Mary's,Other Write-Ins,N/A,,189
Somerset,Other Write-Ins,N/A,,8
Talbot,Other Write-Ins,N/A,,41
Washington,Other Write-Ins,N/A,,241
Wicomico,Other Write-Ins,N/A,,136
Worcester,Other Write-Ins,N/A,,57
